[
  {
     "nazwa":"Piers z kurczaka",
      "macro": "Bialko",
      "tluszcze":"17",
      "bialka": "20",
      "weglowodany": "0",
      "kalorie":"80"
   },
    {
      "nazwa":"Karkowka",
      "macro": "Bialko",
      "tluszcze":"17",
      "bialka": "20",
      "weglowodany": "0",
      "kalorie":"80"
   },
    {
      "nazwa":"Makrela",
      "macro": "Białko",
      "tluszcze":"17",
      "bialka": "20",
      "weglowodany": "0",
      "kalorie":"80"
   }
  
   ]